{"cameraMode":{"drawMode":0,"name":"Shaded","section":"Shading Mode"},"sceneLighting":true,"audioPlay":false,"sceneViewState":{"showFog":true,"showMaterialUpdate":true,"showSkybox":true,"showFlares":true,"showImageEffects":true,"showParticleSystems":true},"in2DMode":false,"pivot":{"x":0.7023113965988159,"y":0.9249669313430786,"z":0.31139612197875979},"rotation":{"x":-0.24235029518604279,"y":-0.015434099361300469,"z":0.003827203530818224,"w":-0.9700941443443298},"size":1.8504984378814698,"orthographic":false}