{"cameraMode":{"drawMode":0,"name":"Shaded","section":"Shading Mode"},"sceneLighting":true,"audioPlay":false,"sceneViewState":{"showFog":true,"showMaterialUpdate":true,"showSkybox":true,"showFlares":true,"showImageEffects":true,"showParticleSystems":true},"in2DMode":false,"pivot":{"x":0.8806099891662598,"y":0.6221615076065064,"z":0.4029599726200104},"rotation":{"x":-0.006862647365778685,"y":0.9736920595169067,"z":-0.22624370455741883,"w":-0.028889918699860574},"size":0.6558891534805298,"orthographic":false}