{"cameraMode":{"drawMode":0,"name":"Shaded","section":"Shading Mode"},"sceneLighting":true,"audioPlay":false,"sceneViewState":{"showFog":true,"showMaterialUpdate":true,"showSkybox":true,"showFlares":true,"showImageEffects":true,"showParticleSystems":true},"in2DMode":false,"pivot":{"x":1.3032422065734864,"y":0.35875171422958376,"z":-0.4183560609817505},"rotation":{"x":-0.02693275362253189,"y":-0.941920816898346,"z":0.07980240136384964,"w":-0.3255290687084198},"size":1.0434517860412598,"orthographic":false}