{"cameraMode":{"drawMode":0,"name":"Shaded","section":"Shading Mode"},"sceneLighting":true,"audioPlay":false,"sceneViewState":{"showFog":true,"showMaterialUpdate":true,"showSkybox":true,"showFlares":true,"showImageEffects":true,"showParticleSystems":true},"in2DMode":false,"pivot":{"x":-0.5891569256782532,"y":0.6667966842651367,"z":-0.6146020293235779},"rotation":{"x":-0.0004918764461763203,"y":0.9987311363220215,"z":-0.00479141715914011,"w":-0.052179500460624698},"size":1.016035795211792,"orthographic":false}