{"cameraMode":{"drawMode":0,"name":"Shaded","section":"Shading Mode"},"sceneLighting":true,"audioPlay":false,"sceneViewState":{"showFog":true,"showMaterialUpdate":true,"showSkybox":true,"showFlares":true,"showImageEffects":true,"showParticleSystems":true},"in2DMode":false,"pivot":{"x":-0.25905534625053408,"y":0.5957059264183044,"z":0.4775184690952301},"rotation":{"x":0.03493387997150421,"y":0.8384093046188355,"z":-0.5413358807563782,"w":0.05453524738550186},"size":0.35588914155960085,"orthographic":false}