{"cameraMode":{"drawMode":0,"name":"Shaded","section":"Shading Mode"},"sceneLighting":true,"audioPlay":false,"sceneViewState":{"showFog":true,"showMaterialUpdate":true,"showSkybox":true,"showFlares":true,"showImageEffects":true,"showParticleSystems":true},"in2DMode":false,"pivot":{"x":-0.9133676290512085,"y":0.4389284551143646,"z":-0.6490810513496399},"rotation":{"x":-0.014110825024545193,"y":0.985539436340332,"z":-0.13865511119365693,"w":-0.09753438830375672},"size":1.016035795211792,"orthographic":false}