{"cameraMode":{"drawMode":0,"name":"Shaded","section":"Shading Mode"},"sceneLighting":true,"audioPlay":false,"sceneViewState":{"showFog":true,"showMaterialUpdate":true,"showSkybox":true,"showFlares":true,"showImageEffects":true,"showParticleSystems":true},"in2DMode":false,"pivot":{"x":-0.2870180606842041,"y":0.03567767143249512,"z":-3.448963165283203},"rotation":{"x":0.025509988889098169,"y":0.9738234877586365,"z":-0.14002759754657746,"w":0.17751449346542359},"size":3.0558888912200929,"orthographic":false}