{"cameraMode":{"drawMode":0,"name":"Shaded","section":"Shading Mode"},"sceneLighting":true,"audioPlay":false,"sceneViewState":{"showFog":true,"showMaterialUpdate":true,"showSkybox":true,"showFlares":true,"showImageEffects":true,"showParticleSystems":true},"in2DMode":false,"pivot":{"x":1.083513617515564,"y":0.7210053205490112,"z":-0.0236053466796875},"rotation":{"x":-0.21641051769256593,"y":0.5207940340042114,"z":-0.1384337693452835,"w":-0.8141255974769592},"size":0.3073950409889221,"orthographic":false}