{"cameraMode":{"drawMode":0,"name":"Shaded","section":"Shading Mode"},"sceneLighting":true,"audioPlay":false,"sceneViewState":{"showFog":true,"showMaterialUpdate":true,"showSkybox":true,"showFlares":true,"showImageEffects":true,"showParticleSystems":true},"in2DMode":false,"pivot":{"x":0.8534798622131348,"y":0.2826078534126282,"z":-0.3186925947666168},"rotation":{"x":-0.1205136850476265,"y":0.7755992412567139,"z":-0.1558559685945511,"w":-0.5997097492218018},"size":1.207395076751709,"orthographic":false}