{"cameraMode":{"drawMode":0,"name":"Shaded","section":"Shading Mode"},"sceneLighting":true,"audioPlay":false,"sceneViewState":{"showFog":true,"showMaterialUpdate":true,"showSkybox":true,"showFlares":true,"showImageEffects":true,"showParticleSystems":true},"in2DMode":false,"pivot":{"x":1.6385765075683594,"y":-0.2541307806968689,"z":-2.5271761417388918},"rotation":{"x":-0.032617636024951938,"y":-0.9243950247764587,"z":0.08249057084321976,"w":-0.37129199504852297},"size":2.1711130142211916,"orthographic":false}