{"cameraMode":{"drawMode":0,"name":"Shaded","section":"Shading Mode"},"sceneLighting":true,"audioPlay":false,"sceneViewState":{"showFog":true,"showMaterialUpdate":true,"showSkybox":true,"showFlares":true,"showImageEffects":true,"showParticleSystems":true},"in2DMode":false,"pivot":{"x":-1.402809977531433,"y":0.6155149936676025,"z":0.8096153140068054},"rotation":{"x":0.019194461405277253,"y":-0.9707211852073669,"z":-0.07983638346195221,"w":-0.22641783952713014},"size":0.053229570388793948,"orthographic":false}