{"cameraMode":{"drawMode":0,"name":"Shaded","section":"Shading Mode"},"sceneLighting":true,"audioPlay":false,"sceneViewState":{"showFog":true,"showMaterialUpdate":true,"showSkybox":true,"showFlares":true,"showImageEffects":true,"showParticleSystems":true},"in2DMode":false,"pivot":{"x":-0.13378208875656129,"y":0.5844911336898804,"z":1.4150424003601075},"rotation":{"x":-0.0002215662389062345,"y":-0.9993170499801636,"z":0.033313628286123279,"w":-0.023703189566731454},"size":0.053229570388793948,"orthographic":false}