{"cameraMode":{"drawMode":0,"name":"Shaded","section":"Shading Mode"},"sceneLighting":true,"audioPlay":false,"sceneViewState":{"showFog":true,"showMaterialUpdate":true,"showSkybox":true,"showFlares":true,"showImageEffects":true,"showParticleSystems":true},"in2DMode":false,"pivot":{"x":3.4255921840667726,"y":-0.0980052649974823,"z":-3.6242480278015138},"rotation":{"x":0.012469911947846413,"y":0.9331352710723877,"z":-0.032493673264980319,"w":0.35796672105789187},"size":3.3504981994628908,"orthographic":false}