{"cameraMode":{"drawMode":0,"name":"Shaded","section":"Shading Mode"},"sceneLighting":true,"audioPlay":false,"sceneViewState":{"showFog":true,"showMaterialUpdate":true,"showSkybox":true,"showFlares":true,"showImageEffects":true,"showParticleSystems":true},"in2DMode":false,"pivot":{"x":-0.4528885781764984,"y":0.3778345286846161,"z":0.05574636161327362},"rotation":{"x":0.022671451792120935,"y":-0.9748254418373108,"z":0.10876799374818802,"w":0.1942688375711441},"size":0.9532294869422913,"orthographic":false}