{"cameraMode":{"drawMode":0,"name":"Shaded","section":"Shading Mode"},"sceneLighting":true,"audioPlay":false,"sceneViewState":{"showFog":true,"showMaterialUpdate":true,"showSkybox":true,"showFlares":true,"showImageEffects":true,"showParticleSystems":true},"in2DMode":false,"pivot":{"x":-0.7232151627540588,"y":-1.337676763534546,"z":-4.132930755615234},"rotation":{"x":0.007446907926350832,"y":-0.9839724898338318,"z":0.1747741997241974,"w":0.03859277442097664},"size":2.843451499938965,"orthographic":false}