{"cameraMode":{"drawMode":0,"name":"Shaded","section":"Shading Mode"},"sceneLighting":true,"audioPlay":false,"sceneViewState":{"showFog":true,"showMaterialUpdate":false,"showSkybox":true,"showFlares":true,"showImageEffects":true,"showParticleSystems":true},"in2DMode":false,"pivot":{"x":0.633089542388916,"y":0.26389777660369875,"z":0.6288595199584961},"rotation":{"x":-0.28864219784736636,"y":0.5944553017616272,"z":-0.24144819378852845,"w":-0.7106560468673706},"size":1.5396287441253663,"orthographic":false}