{"cameraMode":{"drawMode":0,"name":"Shaded","section":"Shading Mode"},"sceneLighting":true,"audioPlay":false,"sceneViewState":{"showFog":true,"showMaterialUpdate":true,"showSkybox":true,"showFlares":true,"showImageEffects":true,"showParticleSystems":true},"in2DMode":false,"pivot":{"x":0.786338210105896,"y":-0.35208144783973696,"z":-4.162331581115723},"rotation":{"x":-0.013464960269629956,"y":-0.9861624240875244,"z":0.11477921158075333,"w":-0.11985969543457031},"size":3.090039014816284,"orthographic":false}