{"cameraMode":{"drawMode":0,"name":"Shaded","section":"Shading Mode"},"sceneLighting":true,"audioPlay":false,"sceneViewState":{"showFog":true,"showMaterialUpdate":true,"showSkybox":true,"showFlares":true,"showImageEffects":true,"showParticleSystems":true},"in2DMode":false,"pivot":{"x":-0.535590410232544,"y":0.45426565408706667,"z":0.44864314794540408},"rotation":{"x":-0.009060028940439225,"y":-0.9902373552322388,"z":0.08674287796020508,"w":-0.11011850833892822},"size":0.053229570388793948,"orthographic":false}